{"stat.walkOneCm":141560,"stat.leaveGame":7,"stat.pickup.minecraft.leather":1,"stat.mobKills":1,"stat.useItem.minecraft.diamond_sword":3,"stat.aviateOneCm":73528,"stat.pickup.minecraft.planks":1,"stat.flyOneCm":366295,"stat.pickup.minecraft.concrete":1,"stat.drop":2,"stat.jump":371,"stat.drop.minecraft.stonebrick":1,"stat.playOneMinute":99022,"stat.pickup.minecraft.beef":3,"stat.sneakTime":4382,"stat.drop.minecraft.planks":1,"stat.damageDealt":110,"stat.crouchOneCm":21468,"stat.timeSinceDeath":99022,"stat.pickup.minecraft.dirt":28,"stat.killEntity.Cow":1,"stat.sprintOneCm":24949,"stat.useItem.minecraft.stone_slab2":894}