{"stat.useItem.minecraft.bow":41,"stat.walkOneCm":204637,"stat.boatOneCm":17863,"stat.useItem.minecraft.lever":3,"stat.useItem.minecraft.flint_and_steel":18,"stat.leaveGame":1,"stat.mobKills":1,"stat.useItem.minecraft.diamond_sword":3,"stat.aviateOneCm":272692,"stat.pickup.minecraft.planks":4,"stat.pickup.minecraft.log":1,"stat.flyOneCm":356167,"stat.useItem.minecraft.boat":1,"stat.pickup.minecraft.lever":6,"stat.deaths":4,"stat.jump":638,"stat.swimOneCm":199,"stat.playOneMinute":137012,"stat.pickup.minecraft.oak_stairs":1,"stat.climbOneCm":659,"stat.killEntity.Sheep":1,"stat.useItem.minecraft.end_rod":2,"stat.sneakTime":240,"stat.damageDealt":220,"stat.pickup.minecraft.redstone":1,"stat.crouchOneCm":596,"stat.timeSinceDeath":33700,"stat.pickup.minecraft.dirt":2,"stat.sprintOneCm":70441,"stat.pickup.minecraft.end_rod":1,"stat.useItem.minecraft.spawn_egg":1,"stat.useItem.minecraft.stone_slab2":1701,"stat.craftingTableInteraction":1}