{"stat.pickup.minecraft.bone":6,"stat.useItem.minecraft.painting":32,"stat.pickup.minecraft.bookshelf":1,"stat.leaveGame":23,"stat.pickup.minecraft.arrow":8,"stat.killEntity.Slime":20,"stat.pickup.minecraft.flower_pot":1,"stat.useItem.minecraft.carpet":1,"stat.useItem.minecraft.flower_pot":1,"stat.jump":549,"stat.swimOneCm":4,"stat.climbOneCm":6233,"stat.drop.minecraft.dye":3,"stat.pickup.minecraft.glass":4,"stat.crouchOneCm":1190,"stat.pickup.minecraft.blaze_powder":2,"stat.pickup.minecraft.spider_eye":2,"stat.pickup.minecraft.painting":1,"stat.useItem.minecraft.stone_slab2":7813,"stat.drop.minecraft.glass":4,"stat.craftingTableInteraction":1,"stat.pickup.minecraft.rotten_flesh":10,"stat.pickup.minecraft.brick_block":14,"stat.drop.minecraft.brick_block":15,"stat.damageTaken":480,"stat.pickup.minecraft.feather":1,"stat.pickup.minecraft.leather":1,"stat.dispenserInspected":3,"stat.killEntity.Enderman":1,"stat.drop.minecraft.concrete":9,"stat.pickup.minecraft.monster_egg":3,"stat.pickup.minecraft.dye":3,"stat.flyOneCm":710318,"stat.pickup.minecraft.concrete":6,"stat.pickup.minecraft.lead":1,"stat.damageDealt":7697,"stat.timeSinceDeath":538673,"stat.pickup.minecraft.mutton":2,"stat.flowerPotted":7,"stat.walkOneCm":803225,"stat.useItem.minecraft.torch":275,"stat.drop.minecraft.blaze_powder":2,"stat.pickup.minecraft.carpet":2,"stat.killEntity.ZombieVillager":2,"stat.drop.minecraft.wool":1,"stat.killEntity.Creeper":2,"stat.drop.minecraft.stone_slab":5,"stat.pickup.minecraft.string":10,"stat.pickup.minecraft.beef":3,"stat.drop.minecraft.monster_egg":3,"stat.pickup.minecraft.birch_stairs":1,"stat.sprintOneCm":225,"stat.pickup.minecraft.end_rod":1,"stat.useItem.minecraft.birch_door":12,"stat.killEntity.Skeleton":11,"stat.useItem.minecraft.stone_slab":9,"stat.killEntity.Chicken":1,"stat.pickup.minecraft.grass":3,"stat.killEntity.Spider":6,"stat.drop.minecraft.end_rod":1,"stat.mobKills":56,"stat.deaths":2,"stat.drop":47,"stat.pickup.minecraft.iron_door":1,"stat.playOneMinute":699896,"stat.pickup.minecraft.birch_door":7,"stat.pickup.minecraft.torch":15,"stat.pickup.minecraft.red_flower":1,"stat.sneakTime":3448,"stat.pickup.minecraft.slime_ball":8,"stat.pickup.minecraft.wool":2,"stat.drop.minecraft.sea_lantern":1,"stat.killEntity.Zombie":6,"stat.pickup.minecraft.sea_lantern":1,"stat.pickup.minecraft.stone_slab":3,"stat.drop.minecraft.grass":3,"stat.diveOneCm":973}