{"stat.beaconInteraction":19,"stat.useItem.minecraft.bow":382,"stat.pickup.minecraft.repeating_command_block":1,"stat.pickup.minecraft.stone_pressure_plate":32,"stat.pickup.minecraft.sign":1,"stat.useItem.minecraft.repeater":2,"stat.leaveGame":75,"stat.killEntity.Slime":10,"stat.drop.minecraft.mossy_cobblestone":1,"stat.useItem.minecraft.diamond_sword":296,"stat.useItem.minecraft.carpet":4,"stat.pickup.minecraft.diamond_sword":1,"stat.jump":7879,"stat.useItem.minecraft.concrete_powder":26,"stat.climbOneCm":15445,"stat.fallOneCm":1314209,"stat.pickup.minecraft.glowstone_dust":47,"stat.drop.minecraft.diamond_sword":1,"stat.crouchOneCm":126270,"stat.useItem.minecraft.stone_button":2,"stat.useItem.minecraft.stone_slab2":16310,"stat.mineBlock.minecraft.concrete_powder":44,"stat.pickup.minecraft.rotten_flesh":4,"stat.drop.minecraft.concrete_powder":17,"stat.pickup.minecraft.repeater":4,"stat.damageTaken":5335,"stat.drop.minecraft.stone_button":2,"stat.drop.minecraft.concrete":1,"stat.pickup.minecraft.prismarine_crystals":5,"stat.flyOneCm":9599003,"stat.pickup.minecraft.concrete":1,"stat.pickup.minecraft.chain_command_block":1,"stat.mineBlock.minecraft.beacon":5,"stat.damageDealt":15641,"stat.pickup.minecraft.redstone":76,"stat.timeSinceDeath":346494,"stat.useItem.minecraft.sign":1,"stat.useItem.minecraft.spawn_egg":6,"stat.killEntity.Pig":3,"stat.pickup.minecraft.mossy_cobblestone":1,"stat.walkOneCm":3932865,"stat.useItem.minecraft.torch":27,"stat.pickup.minecraft.carpet":2,"stat.pickup.minecraft.wooden_button":11,"stat.killEntity.Creeper":1,"stat.pickup.minecraft.string":2,"stat.useItem.minecraft.redstone":120,"stat.pickup.minecraft.stone":1,"stat.sprintOneCm":1128975,"stat.pickup.minecraft.ladder":11,"stat.killEntity.Skeleton":2,"stat.drop.minecraft.bow":4,"stat.pickup.minecraft.grass":24,"stat.mineBlock.minecraft.sea_lantern":2,"stat.useItem.minecraft.wooden_button":14,"stat.useItem.minecraft.stone_pressure_plate":128,"stat.killEntity.WitherSkeleton":9,"stat.pickup.minecraft.concrete_powder":15360,"stat.mineBlock.minecraft.glowstone":29,"stat.mobKills":93,"stat.drop.minecraft.repeating_command_block":1,"stat.deaths":21,"stat.pickup.minecraft.iron_door":5,"stat.drop":55,"stat.drop.minecraft.chain_command_block":1,"stat.playOneMinute":2353530,"stat.pickup.minecraft.stone_button":7,"stat.pickup.minecraft.torch":3,"stat.useItem.minecraft.ladder":24,"stat.sneakTime":61596,"stat.pickup.minecraft.slime_ball":2,"stat.drop.minecraft.redstone_block":1,"stat.pickup.minecraft.beacon":3,"stat.drop.minecraft.arrow":2,"stat.killEntity.Zombie":66,"stat.pickup.minecraft.sea_lantern":1,"stat.drop.minecraft.grass":24}