{"stat.useItem.minecraft.bow":123,"stat.pickup.minecraft.repeating_command_block":1,"stat.pickup.minecraft.sign":1,"stat.pickup.minecraft.stone_pressure_plate":2,"stat.useItem.minecraft.repeater":98,"stat.leaveGame":26,"stat.killEntity.Slime":13,"stat.drop.minecraft.redstone":2,"stat.mineBlock.minecraft.concrete":1,"stat.useItem.minecraft.diamond_sword":87,"stat.pickup.minecraft.flower_pot":2,"stat.useItem.minecraft.carpet":1,"stat.jump":2636,"stat.swimOneCm":240,"stat.useItem.minecraft.concrete_powder":1,"stat.climbOneCm":1988,"stat.fallOneCm":244460,"stat.crouchOneCm":53396,"stat.useItem.minecraft.stone_button":7,"stat.useItem.minecraft.stone_slab2":6085,"stat.mineBlock.minecraft.concrete_powder":9,"stat.drop.minecraft.concrete_powder":2,"stat.pickup.minecraft.repeater":6,"stat.damageTaken":1580,"stat.drop.minecraft.concrete":3,"stat.pickup.minecraft.cobblestone":1,"stat.flyOneCm":3517474,"stat.pickup.minecraft.concrete":2,"stat.damageDealt":5085,"stat.pickup.minecraft.redstone":35,"stat.timeSinceDeath":23534,"stat.useItem.minecraft.spawn_egg":5,"stat.killEntity.Pig":5,"stat.flowerPotted":1,"stat.walkOneCm":1987939,"stat.pickup.minecraft.carpet":5,"stat.pickup.minecraft.diamond_shovel":1,"stat.drop.minecraft.wool":1,"stat.pickup.minecraft.wooden_button":29,"stat.useItem.minecraft.redstone":92,"stat.sprintOneCm":455531,"stat.pickup.minecraft.ladder":2,"stat.useItem.minecraft.birch_door":1,"stat.useItem.minecraft.wooden_button":27,"stat.useItem.minecraft.stone_pressure_plate":14,"stat.killEntity.WitherSkeleton":6,"stat.useItem.minecraft.diamond_pickaxe":6,"stat.pickup.minecraft.concrete_powder":11,"stat.mobKills":41,"stat.drop.minecraft.repeating_command_block":1,"stat.deaths":5,"stat.drop":10,"stat.playOneMinute":783374,"stat.pickup.minecraft.stone_button":5,"stat.pickup.minecraft.birch_door":1,"stat.pickup.minecraft.red_flower":2,"stat.entityKilledBy.Slime":1,"stat.sneakTime":23079,"stat.drop.minecraft.diamond_shovel":1,"stat.killEntity.Zombie":16,"stat.mineBlock.minecraft.stone":1}