{"stat.chestOpened":1,"stat.drop.minecraft.stone_stairs":1,"stat.useItem.minecraft.painting":2,"stat.pickup.minecraft.sign":1,"stat.pickup.minecraft.bookshelf":1,"stat.leaveGame":31,"stat.drop.minecraft.bookshelf":1,"stat.killEntity.Slime":24,"stat.drop.minecraft.mossy_cobblestone":12,"stat.useItem.minecraft.carpet":51,"stat.useItem.minecraft.potion":5,"stat.drop.minecraft.sandstone":1,"stat.jump":2583,"stat.swimOneCm":4018,"stat.climbOneCm":1088,"stat.fallOneCm":209,"stat.pickup.minecraft.glowstone":1,"stat.useItem.minecraft.end_rod":11,"stat.drop.minecraft.cobblestone":2,"stat.pickup.minecraft.glowstone_dust":3,"stat.crouchOneCm":4194,"stat.pickup.minecraft.dirt":90,"stat.useItem.minecraft.stone_slab2":15092,"stat.drop.minecraft.glowstone":2,"stat.drop.minecraft.glass":1,"stat.useItem.minecraft.egg":468,"stat.damageTaken":240,"stat.drop.minecraft.brick_block":1,"stat.drop.minecraft.concrete":6,"stat.pickup.minecraft.cobblestone":1,"stat.flyOneCm":4210432,"stat.pickup.minecraft.concrete":2,"stat.pickup.minecraft.nether_brick_stairs":1,"stat.damageDealt":2539,"stat.drop.minecraft.carpet":2,"stat.timeSinceDeath":768834,"stat.useItem.minecraft.spawn_egg":174,"stat.pickup.minecraft.mossy_cobblestone":9,"stat.flowerPotted":38,"stat.walkOneCm":2563589,"stat.useItem.minecraft.torch":399,"stat.pickup.minecraft.carpet":7,"stat.drop.minecraft.stone_slab":1,"stat.drop.minecraft.sign":1,"stat.drop.minecraft.monster_egg":2,"stat.drop.minecraft.planks":1,"stat.sprintOneCm":57227,"stat.pickup.minecraft.end_rod":1,"stat.useItem.minecraft.birch_door":9,"stat.drop.minecraft.bow":4,"stat.killEntity.Chicken":5,"stat.useItem.minecraft.flint_and_steel":31,"stat.pickup.minecraft.grass":1,"stat.drop.minecraft.nether_brick_stairs":1,"stat.drop.minecraft.leaves":1,"stat.pickup.minecraft.concrete_powder":7,"stat.drop.minecraft.end_rod":1,"stat.mineBlock.minecraft.glowstone":1,"stat.mobKills":46,"stat.deaths":8,"stat.drop":52,"stat.pickup.minecraft.egg":8,"stat.playOneMinute":1445327,"stat.pickup.minecraft.birch_door":3,"stat.pickup.minecraft.torch":9,"stat.sneakTime":8718,"stat.drop.minecraft.sea_lantern":1,"stat.drop.minecraft.arrow":4,"stat.drop.minecraft.torch":5,"stat.drop.minecraft.grass":1,"stat.diveOneCm":2032}