{"stat.useItem.minecraft.lapis_ore":30,"stat.useItem.minecraft.bow":23,"stat.useItem.minecraft.lapis_block":386,"stat.drop.minecraft.lapis_ore":2,"stat.pickup.minecraft.stone_pressure_plate":2,"stat.leaveGame":51,"stat.killEntity.Slime":99,"stat.pickup.minecraft.lapis_block":1,"stat.useItem.minecraft.diamond_sword":113,"stat.pickup.minecraft.diamond_sword":1,"stat.useItem.minecraft.bedrock":2847,"stat.jump":1177,"stat.swimOneCm":303,"stat.climbOneCm":58458,"stat.fallOneCm":1293,"stat.drop.minecraft.stone":1,"stat.drop.minecraft.diamond_sword":1,"stat.pickup.minecraft.porkchop":3,"stat.crouchOneCm":14459,"stat.useItem.minecraft.dirt":69,"stat.useItem.minecraft.coal_ore":11,"stat.pickup.minecraft.dirt":4,"stat.useItem.minecraft.stone_slab2":1655,"stat.pickup.minecraft.leaves2":1,"stat.drop.minecraft.slime_ball":1,"stat.craftingTableInteraction":1,"stat.killEntity.Donkey":2,"stat.damageTaken":150,"stat.drop.minecraft.concrete":3,"stat.flyOneCm":2423362,"stat.pickup.minecraft.concrete":3,"stat.pickup.minecraft.stained_glass":2,"stat.damageDealt":4205,"stat.timeSinceDeath":540419,"stat.killEntity.Cow":2,"stat.killEntity.Pig":3,"stat.pickup.minecraft.mutton":1,"stat.walkOneCm":1100286,"stat.useItem.minecraft.torch":38,"stat.drop.minecraft.porkchop":2,"stat.drop.minecraft.tallgrass":2,"stat.drop.minecraft.stained_glass":1,"stat.drop.minecraft.dirt":5,"stat.pickup.minecraft.wooden_button":8,"stat.drop.minecraft.bedrock":8,"stat.pickup.minecraft.bedrock":69,"stat.drop.minecraft.stained_hardened_clay":1,"stat.drop.minecraft.wooden_button":1,"stat.pickup.minecraft.tallgrass":3,"stat.pickup.minecraft.web":3,"stat.drop.minecraft.lapis_block":1,"stat.pickup.minecraft.chicken":1,"stat.sprintOneCm":139976,"stat.useItem.minecraft.tallgrass":4,"stat.drop.minecraft.stone_pressure_plate":2,"stat.pickup.minecraft.beetroot":1,"stat.useItem.minecraft.wooden_button":24,"stat.mobKills":108,"stat.deaths":14,"stat.drop":31,"stat.pickup.minecraft.beetroot_seeds":1,"stat.playOneMinute":2814177,"stat.pickup.minecraft.torch":1,"stat.killEntity.Sheep":2,"stat.sneakTime":13869,"stat.pickup.minecraft.slime_ball":53,"stat.pickup.minecraft.wool":1}